126,"flu, swine, h1n1, vaccine, country, "
127,"said, cosmic, year, sun, solar, "
128,"train, said, people, killed, two, "
129,"jackson, michael, said, bdnews24comreuters, death, "
130,"price, said, oil, hike, petroleum, "
131,"journalist, murder, said, abduction, police, "
132,"obamas, u, barack, president, obama, "
133,"abu, ghraib, said, prison, u, "
134,"said, bdnews24comreuters, told, pakistan, simi, "
135,"india, budget, positive, minister, factor, "
136,"piracy, said, year, entertainment, film, "
137,"ltte, tiger, tamil, military, said, "
138,"india, reservation, said, positive, factor, "
139,"pirate, somali, ship, said, bdnews24comreuters, "
140,"said, life, water, space, search, "
141,"said, cloned, cell, cloning, bdnews24comreuters, "
142,"said, tree, felling, bdnews24com, also, "
143,"tata, nano, car, motor, said, "
144,"said, bhopal, india, people, pradesh, "
145,"said, bhutto, benazir, assassination, leader, "
146,"ram, court, dhaka, president, verdict, "
147,"crime, cyber, said, war, government, "
148,"site, networking, social, said, facebook, "
149,"delhi, commonwealth, new, game, event, "
150,"said, bill, new, world, year, "
151,"prize, nobel, chemistry, committee, peace, "
152,"missile, said, test, successful, tested, "
153,"solar, said, also, energy, system, "
154,"may, said, auction, spectrum, 3g, "
155,"taj, said, mumbai, militant, mahal, "
156,"india, minister, said, tharoor, indian, "
157,"film, said, indian, bdnews24comreuters, india, "
158,"afghanistan, said, attack, bdnews24comreuters, taliban, "
159,"hasina, sheikh, dhaka, bdnews24com, league, "
160,"war, iraq, 2003, said, bdnews24comreuters, "
161,"antiterrorism, said, bdnews24comreuters, minister, operation, "
162,"tornado, people, said, least, injured, "
163,"tiger, said, conservation, part, wildlife, "
164,"jackson, michael, said, bdnews24comreuters, child, "
165,"marriage, divorce, said, couple, year, "
166,"said, disaster, air, people, plane, "
167,"chechen, rebel, russia, chechnya, said, "
168,"suu, kyi, house, said, arrest, "
169,"attack, bdnews24comreuters, said, militant, killed, "
170,"hockey, bangladesh, dhaka, national, stadium, "
171,"said, bakery, people, bdnews24comreuters, new, "
172,"india, said, female, positive, factor, "
173,"olympics, beijing, bdnews24comreuters, 2008, said, "
174,"said, slump, economic, year, economy, "
175,"tendulkar, cricket, sachin, record, run, "
